CREATE DATABASE QLHOCVIEN
GO
USE QLHOCVIEN
GO

CREATE TABLE GiaoVien
(
	MaGV NCHAR(10) PRIMARY KEY,
	TenGV NVARCHAR(50),
	NgaySinh DATETIME,
	GioiTinh NVARCHAR(100),
	DienThoai NCHAR(10),
	MaGVQuanLi NCHAR(10)
)
GO

CREATE TABLE LopHoc
(
	MaLop NCHAR(10) PRIMARY KEY,
	SiSo INT,
	LopTruong NCHAR(10),
	GVQuanLi NCHAR(10),
	NamBatDau INT,
	NamKetThuc INT

	FOREIGN KEY (GVQuanLi) REFERENCES GiaoVien (MaGV)
)
GO

CREATE TABLE HocVien
(
	MaHocVien NCHAR(10) PRIMARY KEY,
	TenHocVien NVARCHAR(50),
	NgaySinh DATETIME,
	TinhTrang NVARCHAR(50),
	MaLop NCHAR(10) NOT NULL

	FOREIGN KEY (MaLop) REFERENCES dbo.LopHoc (MaLop)
)
GO

CREATE TABLE MonHoc
(
	MaMonHoc NCHAR(10) PRIMARY KEY,
	TenMonHoc NVARCHAR(50),
	SoChi INT
)
GO

CREATE TABLE GiaoVien_Day_MonHoc
(
	MaGV NCHAR(10),
	MaMH NCHAR(10),
	ThamNien INT,
	SoLopDaDay INT

	PRIMARY KEY (MaGV,MaMH)
	FOREIGN KEY (MaGV) REFERENCES GiaoVien (MaGV),
	FOREIGN KEY (MaMH) REFERENCES dbo.MonHoc (MaMonHoc)
)
GO

CREATE TABLE PhanCong
(
	MaGV NCHAR(10),
	MaMH NCHAR(10),
	MaLop NCHAR(10)

	PRIMARY KEY (MaGV,MaMH,MaLop)
	FOREIGN KEY (MaGV) REFERENCES GiaoVien (MaGV),
	FOREIGN KEY (MaMH) REFERENCES dbo.MonHoc (MaMonHoc),
	FOREIGN KEY (MaLop) REFERENCES dbo.LopHoc (MaLop)
)
GO

CREATE TABLE KetQua 
(
	MaHV NCHAR(10),
	MaMonHoc NCHAR(10),
	LanThi INT NOT NULL,
	Diem FLOAT 

	PRIMARY KEY (MaHV, MaMonHoc, LanThi)
	FOREIGN KEY (MaHV) REFERENCES dbo.HocVien (MaHocVien),
	FOREIGN KEY (MaMonHoc) REFERENCES dbo.MonHoc (MaMonHoc)
)
GO

INSERT INTO GiaoVien VALUES ('GV00001', N'Nguyễn Văn An', '1981-01-02', N'Nam', '', 'GV00002')
INSERT INTO GiaoVien VALUES ('GV00002', N'Nguyễn Thị Như Lan', '1984-12-02', N'Nữ', '', 'GV00005')
INSERT INTO GiaoVien VALUES ('GV00003', N'Trần Minh Anh', '1986-03-23', N'Nam', '0909123999', 'GV00002')
INSERT INTO GiaoVien VALUES ('GV00004', N'Trương Tường Vi', '1988-02-01', N'Nữ', '0908990909', 'GV00008')
INSERT INTO GiaoVien VALUES ('GV00005', N'Hà Anh Tuấn', '1986-12-03', N'Nam', '0909909000', 'GV00008')
INSERT INTO GiaoVien VALUES ('GV00006', N'Tràn Anh Dũng', '1979-04-04', N'Nam', '', 'GV00010')
INSERT INTO GiaoVien VALUES ('GV00007', N'Trần Duy Tân', '1978-01-04', N'Nam', '', 'GV00002')
INSERT INTO GiaoVien VALUES ('GV00008', N'Nguyễn Thị Linh', '1979-07-08', N'Nữ', '0938079700', 'GV00009')
INSERT INTO GiaoVien VALUES ('GV00009', N'Trần Thị Kiều', '1977-01-03', N'Nữ', '', '')
INSERT INTO GiaoVien VALUES ('GV00010', N'Trần Phương Loan', '1978-04-30', N'Nữ', '', '')
GO
INSERT INTO LopHoc VALUES ('LH000001', 1, 'HV000002', 'GV00001', 2010, 2014)
INSERT INTO LopHoc VALUES ('LH000002', 1, 'HV000003', 'GV00003', 2009, 2013)
INSERT INTO LopHoc VALUES ('LH000003', 2, 'HV000004', 'GV00008', 2010, 2014)
INSERT INTO LopHoc VALUES ('LH000004', 4, 'HV000008', 'GV00010', 2011, 2015)
INSERT INTO LopHoc VALUES ('LH000005', 1, 'HV000009', 'GV00009', 2010, 2014)
GO
INSERT INTO HocVien VALUES ('HV000001', N'Nguyễn Thùy Linh', '1990-2-1', N'Buộc thôi học', 'LH000001')
INSERT INTO HocVien VALUES ('HV000002', N'Nguyễn Thị Kiều', '1993-12-20', N'Đang học', 'LH000001')
INSERT INTO HocVien VALUES ('HV000003', N'Nguyễn Xuân Thu', '1994-12-30', N'Đang học', 'LH000002')
INSERT INTO HocVien VALUES ('HV000004', N'Trần Trung Chính', '1992-3-12', N'Đang học', 'LH000003')
INSERT INTO HocVien VALUES ('HV000005', N'Trần Minh An', '1991-12-5', N'Đang học', 'LH000003')
INSERT INTO HocVien VALUES ('HV000006', N'Trương Mỹ Linh', '1989-5-1', N'Đã tốt nghiệp', 'LH000004')
INSERT INTO HocVien VALUES ('HV000007', N'Trần Hào', '1989-2-11', N'Đã tốt nghiệp', 'LH000004')
INSERT INTO HocVien VALUES ('HV000008', N'Nguyễn Huỳnh', '1990-6-11', N'Đang học', 'LH000004')
INSERT INTO HocVien VALUES ('HV000009', N'Nguyễn Xuân Trương', '1990-6-1', N'Đang học', 'LH000005')
INSERT INTO HocVien VALUES ('HV000010', N'Nguyễn Bình Minh', '1991-2-11', N'Đang học', 'LH000004')
GO
INSERT INTO MonHoc VALUES ('MH00001', N'Cơ sở dữ liệu', 5)
INSERT INTO MonHoc VALUES ('MH00002', N'Cấu trúc dữ liệu', 6)
INSERT INTO MonHoc VALUES ('MH00003', N'Mạng máy tính', 4)
INSERT INTO MonHoc VALUES ('MH00004', N'Toán cao cấp', 6)
INSERT INTO MonHoc VALUES ('MH00005', N'Tin học cơ sở', 3)
INSERT INTO MonHoc VALUES ('MH00006', N'Công nghệ phần mềm', 4)
INSERT INTO MonHoc VALUES ('MH00007', N'Trí tuệ nhân tạo', 4)
INSERT INTO MonHoc VALUES ('MH00008', N'Khai thác dữ liệu', 3)
INSERT INTO MonHoc VALUES ('MH00009', N'Phân tích thiết kế hệ thống thông tin', 3)
INSERT INTO MonHoc VALUES ('MH00010', N'Hệ thống thông minh', 4)
GO
INSERT INTO
